Fab_Name,Linker_LogP,Linker_TPSA,Instability_Index,GRAVY,pI,Aggregation_Score,Net_Charge,Combined_Stability_Score,Combined_Estimated_Tm,Combined_Immunogenicity_Score,Risk_Level,Overall_Score,Recommendation
Fab06_VH,0.505400000000003,133.98,36.64435483870965,-0.1798387096774193,4.352013969421387,6,-5,-11,29.90362903225808,0.24,Medium,36.744354838709654,Optimize
Fab06_VL,0.505400000000003,133.98,39.934285714285686,-0.5076190476190476,7.935236167907715,9,1,-16,26.985238095238103,0.26,Medium,44.834285714285684,Optimize
Fab11_VH,0.505400000000003,133.98,38.19758064516127,-0.2169354838709677,4.352013969421387,6,-5,-13,28.804435483870986,0.24,Medium,39.29758064516127,Optimize
Fab11_VL,0.505400000000003,133.98,37.771428571428544,-0.5038095238095238,7.943488121032716,9,1,-15,28.25714285714287,0.26,Medium,42.17142857142854,Optimize
