Clone,Score,P_DAR_1_2,P_DAR_ge4,E_DAR,Paratope,DR3_adj,AggProxyMax_VH,AggProxyMax_VL,ImmBurden_VH,ImmBurden_VL,Composite_Z
Fab03,0.8384530488212116,0.638,0.051,1.59,0.519,0.412,1.43,0.93,31,34,0.38482886635207136
Fab04,0.8569313096907765,0.638,0.051,1.59,0.519,0.412,1.43,0.93,31,34,0.4009825473036227
Fab09,0.8384530488212116,0.638,0.051,1.59,0.549,0.412,1.43,0.93,31,34,0.46945470790312527
Fab122,0.8930570860882923,0.638,0.051,1.59,0.457,0.353,1.43,0.93,31,34,0.2576702664178191
Fab79,0.9115942028985508,0.638,0.051,1.59,0.512,0.471,1.17,0.93,31,34,0.7441244328094438
Fab96,0.8994623655913979,0.638,0.051,1.59,0.494,0.412,1.43,0.93,31,34,0.3676416279099298
