Name,Length,pI,Net_Charge,Charge_Density,Positive_Residues,Negative_Residues,Neutral_Residues,Positive_Positions,Negative_Positions
Fab06_VH,124,4.352013969421387,-5,-0.04032258064516129,7,12,105,19; 34; 39; 44; 66; 68; 99,1; 6; 47; 55; 58; 67; 74; 90; 91; 105; 109; 112
Fab06_VL,105,7.935236167907715,1,0.009523809523809525,9,8,88,18; 24; 39; 42; 45; 53; 60; 101; 105,1; 17; 50; 59; 69; 80; 81; 103
Fab11_VH,124,4.352013969421387,-5,-0.04032258064516129,7,12,105,19; 34; 39; 44; 66; 68; 99,1; 6; 47; 55; 58; 67; 74; 90; 91; 105; 109; 112
Fab11_VL,105,7.943488121032716,1,0.009523809523809525,9,8,88,18; 24; 39; 42; 45; 53; 60; 101; 105,1; 17; 50; 59; 69; 80; 81; 103
