Residue_Number,MSF,Normalized_Flexibility
1,0.5621271337083301,0.9999999999999998
1,0.5621271337083302,1.0
1,0.542887233058173,0.9657730440385747
