Name,Total_Residues,Average_MSF,Max_MSF,MSF_Range
Fab_Model,487,0.026265206629156528,1.40723983950137,1.4055441334260268
