Name,Total_Residues,Average_MSF,Max_MSF,MSF_Range
Fab_Model,487,0.02626520662915683,1.4072398395013772,1.405544133426034
