Name,Total_Residues,Average_MSF,Max_MSF,MSF_Range
Fab_Model,3,0.5557138334916112,0.5621271337083302,0.019239900650157238
