Name,Length,Stabilizing_Residues,Destabilizing_Residues,Seq_Thermo_Score,Seq_Thermo_Score_Normalized,Seq_Estimated_Tm,AI_Estimated_Tm,AI_Confidence,Combined_Estimated_Tm,Combined_Stability_Score,Instability_Index
Fab06_VH,124,42,53,-11,-0.08870967741935484,29.903629032258078,0,0.0,29.903629032258078,-11,36.64435483870965
Fab06_VL,105,32,48,-16,-0.1523809523809524,26.985238095238106,0,0.0,26.985238095238106,-16,39.934285714285686
Fab11_VH,124,41,54,-13,-0.10483870967741936,28.804435483870982,0,0.0,28.804435483870982,-13,38.19758064516127
Fab11_VL,105,33,48,-15,-0.14285714285714285,28.257142857142874,0,0.0,28.257142857142874,-15,37.771428571428544
